N,TIME,X
900,0.389936,0.000000
1350,0.783319,0.000000
1800,1.381683,0.000000
2250,2.305793,0.000000
2700,3.596015,0.000000
3150,5.291748,0.000000
3600,7.473254,0.000000
4050,10.287054,0.000000
4500,13.769766,0.000000
4950,17.854205,0.000000
5400,22.743686,0.000000
