N,TIME,X
900,0.389824,0.000000
1350,0.779490,0.000000
1800,1.381519,0.000000
2250,2.295174,0.000000
2700,3.582016,0.000000
3150,5.276749,0.000000
3600,7.436463,0.000000
4050,10.259511,0.000000
4500,13.724955,0.000000
4950,17.894307,0.000000
5400,22.727521,0.000000
