N,TIME,X
900,0.386383,0.000000
1350,0.773153,0.000000
1800,1.373941,0.000000
2250,2.285588,0.000000
2700,3.568335,0.000000
3150,5.262851,0.000000
3600,7.471481,0.000000
4050,10.222299,0.000000
4500,13.718017,0.000000
4950,17.914367,0.000000
5400,22.682435,0.000000
