N,TIME,X
900,0.386896,0.000000
1350,0.785901,0.000000
1800,1.389831,0.000000
2250,2.285501,0.000000
2700,3.592469,0.000000
3150,5.288393,0.000000
3600,7.414891,0.000000
4050,10.264404,0.000000
4500,13.758968,0.000000
4950,17.877438,0.000000
5400,22.716993,0.000000
